storey,floor area (sqm),flat model,remaining lease (yr),resale price ($),resale registration date,area,lat,lng
26,70,Model A,90,530000,Sep-21,Ang Mo Kio,1.3652927,103.8444284
26,70,Model A,90.33,543000,Jun-21,Ang Mo Kio,1.3655146,103.8440661
17,67,Model A,93.67,455000,May-21,Ang Mo Kio,1.3776837,103.8426804
20,67,Model A,93.75,473000,Apr-21,Ang Mo Kio,1.3776837,103.8426804
29,70,Model A,90.58,510000,Mar-21,Ang Mo Kio,1.3655146,103.8440661
29,70,Model A,90.83,510000,Dec-20,Ang Mo Kio,1.3652927,103.8444284
26,70,Model A,90,530000,Sep-21,Ang Mo Kio,1.3652927,103.8444284
26,70,Model A,90.33,543000,Jun-21,Ang Mo Kio,1.3655146,103.8440661
17,67,Model A,93.67,455000,May-21,Ang Mo Kio,1.3776837,103.8426804
20,67,Model A,93.75,473000,Apr-21,Ang Mo Kio,1.3776837,103.8426804
29,70,Model A,90.58,510000,Mar-21,Ang Mo Kio,1.3655146,103.8440661
29,70,Model A,90.83,510000,Dec-20,Ang Mo Kio,1.3652927,103.8444284
17,68,New Generation,57.58,339000,Aug-21,Bedok,1.3340175,103.925139
17,68,New Generation,57.58,300000,Jul-21,Bedok,1.3334447,103.9229638
17,67,New Generation,55.58,338888,Jul-21,Bedok,1.3200234,103.9429035
17,67,New Generation,55.92,308000,Feb-21,Bedok,1.3200234,103.9429035
17,68,New Generation,58.17,299000,Dec-20,Bedok,1.3334447,103.9229638
17,68,New Generation,57.58,339000,Aug-21,Bedok,1.3340175,103.925139
17,68,New Generation,57.58,300000,Jul-21,Bedok,1.3334447,103.9229638
17,67,New Generation,55.58,338888,Jul-21,Bedok,1.3200234,103.9429035
17,67,New Generation,55.92,308000,Feb-21,Bedok,1.3200234,103.9429035
17,68,New Generation,58.17,299000,Dec-20,Bedok,1.3334447,103.9229638
17,65,Improved,50.83,356000,Oct-21,Bukit Merah,1.2826858,103.8233525
26,60,Model A,80.33,570000,Oct-21,Bukit Merah,1.2744703,103.8400805
17,65,Improved,52.42,330000,Oct-21,Bukit Merah,1.2901396,103.8225544
17,60,Standard,44.75,262888,Oct-21,Bukit Merah,1.2864086,103.8098066
36,62,Model A,90.42,630000,Oct-21,Bukit Merah,1.2822322,103.8293203
36,62,Model A,90.42,625000,Oct-21,Bukit Merah,1.282039,103.8296416
26,62,Model A,90.42,610000,Oct-21,Bukit Merah,1.281516,103.830022
35,68,Premium Apartment,90.92,658000,Oct-21,Bukit Merah,1.2734894,103.8072667
17,65,Improved,50.92,350000,Sep-21,Bukit Merah,1.2826858,103.8233525
17,76,Improved,50.92,410000,Sep-21,Bukit Merah,1.2836829,103.8240354
20,68,Model A,96.75,668000,Sep-21,Bukit Merah,1.288026,103.8212865
20,60,Model A,86.42,550000,Sep-21,Bukit Merah,1.2827261,103.824674
20,68,Model A,94.75,625000,Sep-21,Bukit Merah,1.2764241,103.8111733
20,68,Model A,94.67,640000,Sep-21,Bukit Merah,1.2764241,103.8111733
23,68,Model A,94.75,635000,Sep-21,Bukit Merah,1.2765156,103.8106617
17,65,Improved,60.5,363000,Aug-21,Bukit Merah,1.2835678,103.8208789
17,65,Improved,51,380000,Aug-21,Bukit Merah,1.2836829,103.8240354
20,69,Model A,90.83,660000,Aug-21,Bukit Merah,1.2901637,103.8281018
20,68,Model A,96.83,670000,Aug-21,Bukit Merah,1.2872983,103.82199
17,60,Model A,86.42,580000,Aug-21,Bukit Merah,1.2830701,103.8260692
35,68,Premium Apartment,91.08,680000,Aug-21,Bukit Merah,1.2734894,103.8072667
23,62,Model A,93.5,688000,Jul-21,Bukit Merah,1.2865016,103.8291887
17,65,Improved,51.08,310000,Jul-21,Bukit Merah,1.2836829,103.8240354
20,60,Model A,86.58,580000,Jul-21,Bukit Merah,1.2827261,103.824674
17,65,Improved,51.17,380088,Jun-21,Bukit Merah,1.2826858,103.8233525
26,68,Model A,97,680000,Jun-21,Bukit Merah,1.2865529,103.8215468
36,62,Model A,90.75,616500,Jun-21,Bukit Merah,1.281516,103.830022
17,65,Improved,51.25,355000,May-21,Bukit Merah,1.2836829,103.8240354
17,68,Model A,95,608888,May-21,Bukit Merah,1.2765156,103.8106617
17,68,Premium Apartment,91.33,615000,May-21,Bukit Merah,1.2734894,103.8072667
23,62,Model A,93.83,675000,Apr-21,Bukit Merah,1.2864219,103.8291656
23,69,Model A,91.08,649998,Apr-21,Bukit Merah,1.2892981,103.8292566
20,69,Model A,91.08,650000,Apr-21,Bukit Merah,1.2901637,103.8281018
17,60,Model A,86.75,580000,Apr-21,Bukit Merah,1.2824471,103.825505
17,68,Model A,95.17,602888,Apr-21,Bukit Merah,1.2764241,103.8111733
17,68,Model A,95.08,615000,Apr-21,Bukit Merah,1.2764241,103.8111733
23,68,Model A,95.08,620000,Apr-21,Bukit Merah,1.2764241,103.8111733
17,60,Model A,80.92,535000,Mar-21,Bukit Merah,1.2746874,103.8404881
41,68,Model A,97.17,680000,Mar-21,Bukit Merah,1.2865529,103.8215468
29,62,Model A,90.92,570000,Mar-21,Bukit Merah,1.281516,103.830022
17,59,Improved,50.92,318000,Mar-21,Bukit Merah,1.2869242,103.8188638
26,68,Model A,95.17,625000,Mar-21,Bukit Merah,1.2764241,103.8111733
26,68,Model A,95.17,620000,Mar-21,Bukit Merah,1.2765156,103.8106617
35,62,Model A,93.92,683000,Feb-21,Bukit Merah,1.2864219,103.8291656
20,76,Improved,51.42,403000,Feb-21,Bukit Merah,1.2848284,103.8244801
17,76,Improved,51.42,418000,Feb-21,Bukit Merah,1.2848284,103.8244801
23,68,Model A,97.33,660000,Feb-21,Bukit Merah,1.2870311,103.8215329
20,60,Model A,80.92,532000,Jan-21,Bukit Merah,1.2743997,103.8396276
17,73,Standard,47.5,320000,Jan-21,Bukit Merah,1.288844,103.8287358
20,68,Model A,97.42,668000,Jan-21,Bukit Merah,1.288026,103.8212865
20,62,Model A,91.08,560000,Jan-21,Bukit Merah,1.281516,103.830022
26,68,Premium Apartment,91.67,625000,Jan-21,Bukit Merah,1.2734894,103.8072667
17,62,Model A,94.17,665000,Dec-20,Bukit Merah,1.2865016,103.8291887
20,65,Improved,51.67,275000,Dec-20,Bukit Merah,1.2836829,103.8240354
20,65,Improved,51.67,300000,Dec-20,Bukit Merah,1.2848284,103.8244801
23,69,Model A,91.5,625000,Dec-20,Bukit Merah,1.2892981,103.8292566
17,65,Improved,53.08,295000,Dec-20,Bukit Merah,1.2901396,103.8225544
17,65,Improved,60.92,389000,Nov-20,Bukit Merah,1.2915032,103.8272188
17,65,Improved,53.25,300000,Nov-20,Bukit Merah,1.2782254,103.8185015
17,65,Improved,50.83,356000,Oct-21,Bukit Merah,1.2826858,103.8233525
26,60,Model A,80.33,570000,Oct-21,Bukit Merah,1.2744703,103.8400805
17,65,Improved,52.42,330000,Oct-21,Bukit Merah,1.2901396,103.8225544
17,60,Standard,44.75,262888,Oct-21,Bukit Merah,1.2864086,103.8098066
36,62,Model A,90.42,630000,Oct-21,Bukit Merah,1.2822322,103.8293203
36,62,Model A,90.42,625000,Oct-21,Bukit Merah,1.282039,103.8296416
26,62,Model A,90.42,610000,Oct-21,Bukit Merah,1.281516,103.830022
35,68,Premium Apartment,90.92,658000,Oct-21,Bukit Merah,1.2734894,103.8072667
17,65,Improved,50.92,350000,Sep-21,Bukit Merah,1.2826858,103.8233525
17,76,Improved,50.92,410000,Sep-21,Bukit Merah,1.2836829,103.8240354
20,68,Model A,96.75,668000,Sep-21,Bukit Merah,1.288026,103.8212865
20,60,Model A,86.42,550000,Sep-21,Bukit Merah,1.2827261,103.824674
20,68,Model A,94.75,625000,Sep-21,Bukit Merah,1.2764241,103.8111733
20,68,Model A,94.67,640000,Sep-21,Bukit Merah,1.2764241,103.8111733
23,68,Model A,94.75,635000,Sep-21,Bukit Merah,1.2765156,103.8106617
17,65,Improved,60.5,363000,Aug-21,Bukit Merah,1.2835678,103.8208789
17,65,Improved,51,380000,Aug-21,Bukit Merah,1.2836829,103.8240354
20,69,Model A,90.83,660000,Aug-21,Bukit Merah,1.2901637,103.8281018
20,68,Model A,96.83,670000,Aug-21,Bukit Merah,1.2872983,103.82199
17,60,Model A,86.42,580000,Aug-21,Bukit Merah,1.2830701,103.8260692
35,68,Premium Apartment,91.08,680000,Aug-21,Bukit Merah,1.2734894,103.8072667
23,62,Model A,93.5,688000,Jul-21,Bukit Merah,1.2865016,103.8291887
17,65,Improved,51.08,310000,Jul-21,Bukit Merah,1.2836829,103.8240354
20,60,Model A,86.58,580000,Jul-21,Bukit Merah,1.2827261,103.824674
17,65,Improved,51.17,380088,Jun-21,Bukit Merah,1.2826858,103.8233525
26,68,Model A,97,680000,Jun-21,Bukit Merah,1.2865529,103.8215468
36,62,Model A,90.75,616500,Jun-21,Bukit Merah,1.281516,103.830022
17,65,Improved,51.25,355000,May-21,Bukit Merah,1.2836829,103.8240354
17,68,Model A,95,608888,May-21,Bukit Merah,1.2765156,103.8106617
17,68,Premium Apartment,91.33,615000,May-21,Bukit Merah,1.2734894,103.8072667
23,62,Model A,93.83,675000,Apr-21,Bukit Merah,1.2864219,103.8291656
23,69,Model A,91.08,649998,Apr-21,Bukit Merah,1.2892981,103.8292566
20,69,Model A,91.08,650000,Apr-21,Bukit Merah,1.2901637,103.8281018
17,60,Model A,86.75,580000,Apr-21,Bukit Merah,1.2824471,103.825505
17,68,Model A,95.17,602888,Apr-21,Bukit Merah,1.2764241,103.8111733
17,68,Model A,95.08,615000,Apr-21,Bukit Merah,1.2764241,103.8111733
23,68,Model A,95.08,620000,Apr-21,Bukit Merah,1.2764241,103.8111733
17,60,Model A,80.92,535000,Mar-21,Bukit Merah,1.2746874,103.8404881
41,68,Model A,97.17,680000,Mar-21,Bukit Merah,1.2865529,103.8215468
29,62,Model A,90.92,570000,Mar-21,Bukit Merah,1.281516,103.830022
17,59,Improved,50.92,318000,Mar-21,Bukit Merah,1.2869242,103.8188638
26,68,Model A,95.17,625000,Mar-21,Bukit Merah,1.2764241,103.8111733
26,68,Model A,95.17,620000,Mar-21,Bukit Merah,1.2765156,103.8106617
35,62,Model A,93.92,683000,Feb-21,Bukit Merah,1.2864219,103.8291656
20,76,Improved,51.42,403000,Feb-21,Bukit Merah,1.2848284,103.8244801
17,76,Improved,51.42,418000,Feb-21,Bukit Merah,1.2848284,103.8244801
23,68,Model A,97.33,660000,Feb-21,Bukit Merah,1.2870311,103.8215329
20,60,Model A,80.92,532000,Jan-21,Bukit Merah,1.2743997,103.8396276
17,73,Standard,47.5,320000,Jan-21,Bukit Merah,1.288844,103.8287358
20,68,Model A,97.42,668000,Jan-21,Bukit Merah,1.288026,103.8212865
20,62,Model A,91.08,560000,Jan-21,Bukit Merah,1.281516,103.830022
26,68,Premium Apartment,91.67,625000,Jan-21,Bukit Merah,1.2734894,103.8072667
17,62,Model A,94.17,665000,Dec-20,Bukit Merah,1.2865016,103.8291887
20,65,Improved,51.67,275000,Dec-20,Bukit Merah,1.2836829,103.8240354
20,65,Improved,51.67,300000,Dec-20,Bukit Merah,1.2848284,103.8244801
23,69,Model A,91.5,625000,Dec-20,Bukit Merah,1.2892981,103.8292566
17,65,Improved,53.08,295000,Dec-20,Bukit Merah,1.2901396,103.8225544
17,65,Improved,60.92,389000,Nov-20,Bukit Merah,1.2915032,103.8272188
17,65,Improved,53.25,300000,Nov-20,Bukit Merah,1.2782254,103.8185015
20,59,Improved,54.33,476000,Nov-21,Central Area,1.2748632,103.8426344
17,74,Improved,55.17,438000,Oct-21,Central Area,1.3059994,103.8572918
17,68,Improved,56.08,530000,Oct-21,Central Area,1.285205,103.845761
20,68,Improved,56.58,500000,Sep-21,Central Area,1.3010138,103.8537971
17,59,Improved,54.5,380000,Sep-21,Central Area,1.2752557,103.842558
17,65,Improved,55.33,391000,Jul-21,Central Area,1.3059994,103.8572918
20,60,Improved,56.08,456000,Jul-21,Central Area,1.298442,103.8523744
20,67,Improved,52.25,508000,Jun-21,Central Area,1.2817753,103.8429707
20,59,Improved,54.75,500000,Jun-21,Central Area,1.2748632,103.8426344
20,65,Improved,53.17,400000,May-21,Central Area,1.2861551,103.8422545
20,65,Improved,53.17,390000,Apr-21,Central Area,1.2861551,103.8422545
17,60,Improved,57.08,440000,Mar-21,Central Area,1.3010138,103.8537971
17,59,Improved,54.92,475000,Mar-21,Central Area,1.276057,103.8423628
17,68,Improved,58.5,510000,Mar-21,Central Area,1.284274,103.8461122
20,59,Improved,55,443000,Feb-21,Central Area,1.2762569,103.8429313
17,59,Improved,55,470000,Feb-21,Central Area,1.2762569,103.8429313
17,67,Improved,52.58,405000,Jan-21,Central Area,1.2817753,103.8429707
17,60,Improved,56.5,420000,Jan-21,Central Area,1.298442,103.8523744
17,59,Improved,55.17,453000,Dec-20,Central Area,1.2752557,103.842558
17,68,Improved,57,475000,Nov-20,Central Area,1.285205,103.845761
20,59,Improved,54.33,476000,Nov-21,Central Area,1.2748632,103.8426344
17,74,Improved,55.17,438000,Oct-21,Central Area,1.3059994,103.8572918
17,68,Improved,56.08,530000,Oct-21,Central Area,1.285205,103.845761
20,68,Improved,56.58,500000,Sep-21,Central Area,1.3010138,103.8537971
17,59,Improved,54.5,380000,Sep-21,Central Area,1.2752557,103.842558
17,65,Improved,55.33,391000,Jul-21,Central Area,1.3059994,103.8572918
20,60,Improved,56.08,456000,Jul-21,Central Area,1.298442,103.8523744
20,67,Improved,52.25,508000,Jun-21,Central Area,1.2817753,103.8429707
20,59,Improved,54.75,500000,Jun-21,Central Area,1.2748632,103.8426344
20,65,Improved,53.17,400000,May-21,Central Area,1.2861551,103.8422545
20,65,Improved,53.17,390000,Apr-21,Central Area,1.2861551,103.8422545
17,60,Improved,57.08,440000,Mar-21,Central Area,1.3010138,103.8537971
17,59,Improved,54.92,475000,Mar-21,Central Area,1.276057,103.8423628
17,68,Improved,58.5,510000,Mar-21,Central Area,1.284274,103.8461122
20,59,Improved,55,443000,Feb-21,Central Area,1.2762569,103.8429313
17,59,Improved,55,470000,Feb-21,Central Area,1.2762569,103.8429313
17,67,Improved,52.58,405000,Jan-21,Central Area,1.2817753,103.8429707
17,60,Improved,56.5,420000,Jan-21,Central Area,1.298442,103.8523744
17,59,Improved,55.17,453000,Dec-20,Central Area,1.2752557,103.842558
17,68,Improved,57,475000,Nov-20,Central Area,1.285205,103.845761
23,69,Model A,94.83,608000,Nov-21,Clementi,1.3197115,103.7644447
23,60,Dbss,92.25,450000,Oct-21,Clementi,1.3194852,103.7656216
17,60,Dbss,92.25,550000,Oct-21,Clementi,1.3194852,103.7656216
35,60,Dbss,92.33,567000,Oct-21,Clementi,1.3194852,103.7656216
38,68,Model A,95.08,603000,Oct-21,Clementi,1.3220646,103.7625436
38,68,Model A,95,610000,Oct-21,Clementi,1.3220646,103.7625436
20,60,Dbss,92.33,508000,Sep-21,Clementi,1.3194852,103.7656216
26,60,Dbss,92.33,568000,Sep-21,Clementi,1.3194852,103.7656216
17,75,Model A,91.17,598000,Aug-21,Clementi,1.3096132,103.7706461
17,69,Model A,95.08,570000,Aug-21,Clementi,1.3197115,103.7644447
29,70,Model A,90,638000,Jul-21,Clementi,1.314864,103.764058
23,60,Dbss,92.5,548000,Jul-21,Clementi,1.3190461,103.7656216
17,61,Model A,80.75,410000,Jun-21,Clementi,1.3125343,103.7717325
17,73,Model A,91.42,561000,May-21,Clementi,1.3091484,103.7686997
23,61,Model A,80.83,452000,May-21,Clementi,1.3129376,103.7715967
17,61,Model A,80.92,400000,Apr-21,Clementi,1.3129376,103.7715967
20,73,Model A,91.58,536888,Mar-21,Clementi,1.3091484,103.7686997
17,60,Dbss,92.92,540000,Feb-21,Clementi,1.3190461,103.7656216
26,60,Dbss,92.92,548000,Feb-21,Clementi,1.3199163,103.7657374
38,60,Dbss,92.83,565000,Feb-21,Clementi,1.3199163,103.7657374
23,60,Dbss,92.92,518000,Jan-21,Clementi,1.3190461,103.7656216
26,60,Dbss,93,543000,Jan-21,Clementi,1.3190461,103.7656216
38,60,Dbss,93,538888,Jan-21,Clementi,1.3199163,103.7657374
20,61,Model A,81.25,400000,Dec-20,Clementi,1.3125343,103.7717325
23,60,Dbss,93.08,555000,Dec-20,Clementi,1.3194852,103.7656216
41,60,Dbss,93.08,530000,Dec-20,Clementi,1.3199163,103.7657374
17,60,Dbss,93.08,530000,Dec-20,Clementi,1.3199163,103.7657374
36,60,Dbss,93.17,465000,Nov-20,Clementi,1.3190461,103.7656216
38,60,Dbss,93.17,558000,Nov-20,Clementi,1.3190461,103.7656216
17,60,Dbss,93.17,518000,Nov-20,Clementi,1.3194852,103.7656216
29,60,Dbss,93.17,540000,Nov-20,Clementi,1.3194852,103.7656216
38,60,Dbss,93.17,540000,Nov-20,Clementi,1.3194852,103.7656216
36,60,Dbss,93.08,550000,Nov-20,Clementi,1.3194852,103.7656216
23,69,Model A,94.83,608000,Nov-21,Clementi,1.3197115,103.7644447
23,60,Dbss,92.25,450000,Oct-21,Clementi,1.3194852,103.7656216
17,60,Dbss,92.25,550000,Oct-21,Clementi,1.3194852,103.7656216
35,60,Dbss,92.33,567000,Oct-21,Clementi,1.3194852,103.7656216
38,68,Model A,95.08,603000,Oct-21,Clementi,1.3220646,103.7625436
38,68,Model A,95,610000,Oct-21,Clementi,1.3220646,103.7625436
20,60,Dbss,92.33,508000,Sep-21,Clementi,1.3194852,103.7656216
26,60,Dbss,92.33,568000,Sep-21,Clementi,1.3194852,103.7656216
17,75,Model A,91.17,598000,Aug-21,Clementi,1.3096132,103.7706461
17,69,Model A,95.08,570000,Aug-21,Clementi,1.3197115,103.7644447
29,70,Model A,90,638000,Jul-21,Clementi,1.314864,103.764058
23,60,Dbss,92.5,548000,Jul-21,Clementi,1.3190461,103.7656216
17,61,Model A,80.75,410000,Jun-21,Clementi,1.3125343,103.7717325
17,73,Model A,91.42,561000,May-21,Clementi,1.3091484,103.7686997
23,61,Model A,80.83,452000,May-21,Clementi,1.3129376,103.7715967
17,61,Model A,80.92,400000,Apr-21,Clementi,1.3129376,103.7715967
20,73,Model A,91.58,536888,Mar-21,Clementi,1.3091484,103.7686997
17,60,Dbss,92.92,540000,Feb-21,Clementi,1.3190461,103.7656216
26,60,Dbss,92.92,548000,Feb-21,Clementi,1.3199163,103.7657374
38,60,Dbss,92.83,565000,Feb-21,Clementi,1.3199163,103.7657374
23,60,Dbss,92.92,518000,Jan-21,Clementi,1.3190461,103.7656216
26,60,Dbss,93,543000,Jan-21,Clementi,1.3190461,103.7656216
38,60,Dbss,93,538888,Jan-21,Clementi,1.3199163,103.7657374
20,61,Model A,81.25,400000,Dec-20,Clementi,1.3125343,103.7717325
23,60,Dbss,93.08,555000,Dec-20,Clementi,1.3194852,103.7656216
41,60,Dbss,93.08,530000,Dec-20,Clementi,1.3199163,103.7657374
17,60,Dbss,93.08,530000,Dec-20,Clementi,1.3199163,103.7657374
36,60,Dbss,93.17,465000,Nov-20,Clementi,1.3190461,103.7656216
38,60,Dbss,93.17,558000,Nov-20,Clementi,1.3190461,103.7656216
17,60,Dbss,93.17,518000,Nov-20,Clementi,1.3194852,103.7656216
29,60,Dbss,93.17,540000,Nov-20,Clementi,1.3194852,103.7656216
38,60,Dbss,93.17,540000,Nov-20,Clementi,1.3194852,103.7656216
36,60,Dbss,93.08,550000,Nov-20,Clementi,1.3194852,103.7656216
17,68,Model A,95.08,415000,May-21,Hougang,1.375965,103.9010505
17,67,Dbss,92.5,495000,May-21,Hougang,1.3762148,103.9000675
20,67,Model A,93.17,405000,Apr-21,Hougang,1.379264,103.9006694
17,68,Model A,95.25,400000,Mar-21,Hougang,1.3767753,103.9003069
17,68,Model A,95.25,405000,Mar-21,Hougang,1.375965,103.9010505
17,68,Premium Apartment,94.08,419999,Mar-21,Hougang,1.3767521,103.9040981
17,67,Dbss,92.83,495000,Jan-21,Hougang,1.3751631,103.9003975
17,68,Model A,95.08,415000,May-21,Hougang,1.375965,103.9010505
17,67,Dbss,92.5,495000,May-21,Hougang,1.3762148,103.9000675
20,67,Model A,93.17,405000,Apr-21,Hougang,1.379264,103.9006694
17,68,Model A,95.25,400000,Mar-21,Hougang,1.3767753,103.9003069
17,68,Model A,95.25,405000,Mar-21,Hougang,1.375965,103.9010505
17,68,Premium Apartment,94.08,419999,Mar-21,Hougang,1.3767521,103.9040981
17,67,Dbss,92.83,495000,Jan-21,Hougang,1.3751631,103.9003975
17,65,Improved,53.5,405000,Oct-21,Marine Parade,1.3039673,103.9097317
17,76,Improved,53.58,588000,Sep-21,Marine Parade,1.3034544,103.909913
17,65,Improved,53.75,488888,Aug-21,Marine Parade,1.3034544,103.909913
17,76,Improved,53.92,478000,Apr-21,Marine Parade,1.3034544,103.909913
17,65,Improved,53.25,425000,Feb-21,Marine Parade,1.3037019,103.9114083
17,76,Improved,54.33,462000,Dec-20,Marine Parade,1.3039673,103.9097317
17,65,Improved,54.33,408000,Dec-20,Marine Parade,1.3043334,103.9096411
17,65,Improved,53.5,405000,Oct-21,Marine Parade,1.3039673,103.9097317
17,76,Improved,53.58,588000,Sep-21,Marine Parade,1.3034544,103.909913
17,65,Improved,53.75,488888,Aug-21,Marine Parade,1.3034544,103.909913
17,76,Improved,53.92,478000,Apr-21,Marine Parade,1.3034544,103.909913
17,65,Improved,53.25,425000,Feb-21,Marine Parade,1.3037019,103.9114083
17,76,Improved,54.33,462000,Dec-20,Marine Parade,1.3039673,103.9097317
17,65,Improved,54.33,408000,Dec-20,Marine Parade,1.3043334,103.9096411
26,63,Model A,92.42,620000,Oct-21,Queenstown,1.296245,103.799522
44,65,Premium Apartment,93.92,706000,Oct-21,Queenstown,1.2960052,103.8099048
38,65,Premium Apartment,93.58,690000,Oct-21,Queenstown,1.2949706,103.811632
41,69,Model A,89.5,568000,Oct-21,Queenstown,1.3058533,103.7821896
29,67,Model A,90.58,648000,Oct-21,Queenstown,1.3083214,103.7857208
20,73,Improved,52.33,480000,Oct-21,Queenstown,1.3095086,103.7945718
20,73,Improved,51.67,421000,Oct-21,Queenstown,1.3071143,103.7954772
38,67,Model A,90,688000,Oct-21,Queenstown,1.3110337,103.7916988
26,63,Model A,92.42,600000,Sep-21,Queenstown,1.301254,103.7971808
36,65,Premium Apartment,94,680000,Sep-21,Queenstown,1.2960052,103.8099048
17,65,Improved,51.75,445000,Sep-21,Queenstown,1.3074653,103.794866
17,73,Improved,51.75,445000,Sep-21,Queenstown,1.3079724,103.7957715
23,65,Improved,51.67,410000,Sep-21,Queenstown,1.3071143,103.7954772
20,65,Improved,52.5,425000,Sep-21,Queenstown,1.309007,103.7940607
17,67,Improved,47.42,320000,Sep-21,Queenstown,1.2935996,103.8035009
17,72,Improved,47.83,390000,Sep-21,Queenstown,1.2921971,103.8042835
20,72,Improved,47.92,422000,Sep-21,Queenstown,1.2914703,103.8034685
17,65,Improved,50.75,368000,Sep-21,Queenstown,1.2944348,103.7997331
36,65,Premium Apartment,93.75,628888,Aug-21,Queenstown,1.2953335,103.8125242
23,65,Premium Apartment,93.75,640000,Aug-21,Queenstown,1.2950626,103.8111407
17,65,Improved,51.75,448000,Aug-21,Queenstown,1.3079724,103.7957715
17,65,Improved,52.5,415000,Aug-21,Queenstown,1.3093758,103.7934172
38,67,Model A,90.17,738000,Aug-21,Queenstown,1.3110337,103.7916988
36,60,Model A,86,570000,Aug-21,Queenstown,1.3006381,103.7990313
17,63,Model A,92.67,610000,Jul-21,Queenstown,1.296245,103.799522
36,65,Premium Apartment,94.17,648500,Jul-21,Queenstown,1.2960052,103.8099048
29,65,Premium Apartment,94.08,700000,Jul-21,Queenstown,1.2960052,103.8099048
23,70,Model A,89.67,500000,Jul-21,Queenstown,1.3058533,103.7821896
17,65,Improved,51.92,330000,Jul-21,Queenstown,1.3079724,103.7957715
17,65,Improved,51.92,400000,Jul-21,Queenstown,1.3071143,103.7954772
17,65,Improved,52.58,368000,Jul-21,Queenstown,1.309007,103.7940607
29,60,Model A,86.17,568000,Jul-21,Queenstown,1.3012974,103.7989931
20,63,Model A,92.75,580000,Jun-21,Queenstown,1.301254,103.7971808
20,63,Model A,92.75,580000,Jun-21,Queenstown,1.3017618,103.7971954
26,65,Premium Apartment,94.25,630000,Jun-21,Queenstown,1.2960052,103.8099048
20,65,Premium Apartment,94.25,645000,Jun-21,Queenstown,1.2960052,103.8099048
23,65,Premium Apartment,94.25,650000,Jun-21,Queenstown,1.2960052,103.8099048
36,65,Premium Apartment,94.25,660000,Jun-21,Queenstown,1.2960052,103.8099048
38,69,Model A,89.83,540000,Jun-21,Queenstown,1.3053608,103.7819402
17,65,Improved,52,335000,Jun-21,Queenstown,1.3074653,103.794866
20,73,Improved,52,448888,Jun-21,Queenstown,1.3074653,103.794866
17,67,Improved,47.67,320000,Jun-21,Queenstown,1.2935996,103.8035009
17,70,Model A,89.25,580000,Jun-21,Queenstown,1.2942509,103.8122177
36,65,Premium Apartment,94.33,646000,May-21,Queenstown,1.2960052,103.8099048
36,65,Premium Apartment,94.33,660000,May-21,Queenstown,1.2960052,103.8099048
26,67,Model A,91,600888,May-21,Queenstown,1.3083214,103.7857208
26,67,Model A,91,613888,May-21,Queenstown,1.3083214,103.7857208
17,59,Improved,52.08,363000,May-21,Queenstown,1.306882,103.7945038
20,73,Improved,52.67,455000,May-21,Queenstown,1.309007,103.7940607
17,76,Improved,51,418000,May-21,Queenstown,1.2944348,103.7997331
17,70,Improved,48.17,338000,May-21,Queenstown,1.2904595,103.8031098
17,69,Model A,89.33,580000,May-21,Queenstown,1.2945274,103.8110342
20,63,Model A,92.83,600000,Apr-21,Queenstown,1.3015032,103.7971066
29,65,Premium Apartment,94.42,650000,Apr-21,Queenstown,1.2960052,103.8099048
17,65,Premium Apartment,94.33,650000,Apr-21,Queenstown,1.2960052,103.8099048
17,65,Premium Apartment,94.42,690000,Apr-21,Queenstown,1.2960052,103.8099048
20,73,Improved,52.25,455000,Apr-21,Queenstown,1.3074653,103.794866
26,60,Model A,86.33,490000,Apr-21,Queenstown,1.3006381,103.7990313
23,65,Premium Apartment,94.5,575000,Mar-21,Queenstown,1.2960052,103.8099048
17,65,Premium Apartment,94.42,649000,Mar-21,Queenstown,1.2960052,103.8099048
44,65,Premium Apartment,94.5,670000,Mar-21,Queenstown,1.2960052,103.8099048
26,65,Premium Apartment,94.25,635000,Mar-21,Queenstown,1.2949706,103.811632
29,65,Premium Apartment,94.17,650000,Mar-21,Queenstown,1.2949706,103.811632
17,69,Model A,90,520000,Mar-21,Queenstown,1.3053608,103.7819402
20,65,Improved,52.17,435000,Mar-21,Queenstown,1.3092152,103.7959526
23,59,Improved,52.17,345000,Mar-21,Queenstown,1.306882,103.7945038
36,65,Premium Apartment,94.58,646000,Feb-21,Queenstown,1.2960052,103.8099048
26,65,Premium Apartment,94.5,646888,Feb-21,Queenstown,1.2960052,103.8099048
41,65,Premium Apartment,94.58,690000,Feb-21,Queenstown,1.2960052,103.8099048
47,65,Premium Apartment,94.58,697000,Feb-21,Queenstown,1.2960052,103.8099048
38,65,Premium Apartment,94.17,641888,Feb-21,Queenstown,1.2949706,103.811632
23,69,Model A,89.5,580000,Feb-21,Queenstown,1.2945274,103.8110342
35,65,Premium Apartment,94.67,668000,Jan-21,Queenstown,1.2960052,103.8099048
35,65,Premium Apartment,94.25,650000,Jan-21,Queenstown,1.2949706,103.811632
35,70,Model A,90.25,538000,Jan-21,Queenstown,1.3053608,103.7819402
20,76,Improved,51.33,420000,Jan-21,Queenstown,1.2944348,103.7997331
41,65,Premium Apartment,94.67,690000,Dec-20,Queenstown,1.2960052,103.8099048
38,65,Premium Apartment,94.75,700000,Dec-20,Queenstown,1.2960052,103.8099048
23,65,Premium Apartment,94.33,568000,Dec-20,Queenstown,1.2949706,103.811632
36,65,Premium Apartment,94.33,641888,Dec-20,Queenstown,1.2949706,103.811632
36,70,Model A,90.42,530000,Dec-20,Queenstown,1.3053608,103.7819402
23,67,Model A,91.42,598000,Dec-20,Queenstown,1.3083214,103.7857208
17,65,Improved,52.5,360000,Dec-20,Queenstown,1.3071143,103.7954772
23,65,Improved,53.17,405000,Dec-20,Queenstown,1.309007,103.7940607
35,60,Model A,86.67,598000,Dec-20,Queenstown,1.3006381,103.7990313
36,65,Premium Apartment,94.83,675000,Nov-20,Queenstown,1.2960052,103.8099048
29,65,Premium Apartment,94.5,630000,Nov-20,Queenstown,1.2954574,103.8117132
35,65,Premium Apartment,94.5,657000,Nov-20,Queenstown,1.2953335,103.8125242
36,65,Premium Apartment,94.42,660000,Nov-20,Queenstown,1.2953335,103.8125242
38,65,Premium Apartment,94.5,655000,Nov-20,Queenstown,1.2950626,103.8111407
35,69,Model A,90.42,530000,Nov-20,Queenstown,1.3053608,103.7819402
26,63,Model A,92.42,620000,Oct-21,Queenstown,1.296245,103.799522
44,65,Premium Apartment,93.92,706000,Oct-21,Queenstown,1.2960052,103.8099048
38,65,Premium Apartment,93.58,690000,Oct-21,Queenstown,1.2949706,103.811632
41,69,Model A,89.5,568000,Oct-21,Queenstown,1.3058533,103.7821896
29,67,Model A,90.58,648000,Oct-21,Queenstown,1.3083214,103.7857208
20,73,Improved,52.33,480000,Oct-21,Queenstown,1.3095086,103.7945718
20,73,Improved,51.67,421000,Oct-21,Queenstown,1.3071143,103.7954772
38,67,Model A,90,688000,Oct-21,Queenstown,1.3110337,103.7916988
26,63,Model A,92.42,600000,Sep-21,Queenstown,1.301254,103.7971808
36,65,Premium Apartment,94,680000,Sep-21,Queenstown,1.2960052,103.8099048
17,65,Improved,51.75,445000,Sep-21,Queenstown,1.3074653,103.794866
17,73,Improved,51.75,445000,Sep-21,Queenstown,1.3079724,103.7957715
23,65,Improved,51.67,410000,Sep-21,Queenstown,1.3071143,103.7954772
20,65,Improved,52.5,425000,Sep-21,Queenstown,1.309007,103.7940607
17,67,Improved,47.42,320000,Sep-21,Queenstown,1.2935996,103.8035009
17,72,Improved,47.83,390000,Sep-21,Queenstown,1.2921971,103.8042835
20,72,Improved,47.92,422000,Sep-21,Queenstown,1.2914703,103.8034685
17,65,Improved,50.75,368000,Sep-21,Queenstown,1.2944348,103.7997331
36,65,Premium Apartment,93.75,628888,Aug-21,Queenstown,1.2953335,103.8125242
23,65,Premium Apartment,93.75,640000,Aug-21,Queenstown,1.2950626,103.8111407
17,65,Improved,51.75,448000,Aug-21,Queenstown,1.3079724,103.7957715
17,65,Improved,52.5,415000,Aug-21,Queenstown,1.3093758,103.7934172
38,67,Model A,90.17,738000,Aug-21,Queenstown,1.3110337,103.7916988
36,60,Model A,86,570000,Aug-21,Queenstown,1.3006381,103.7990313
17,63,Model A,92.67,610000,Jul-21,Queenstown,1.296245,103.799522
36,65,Premium Apartment,94.17,648500,Jul-21,Queenstown,1.2960052,103.8099048
29,65,Premium Apartment,94.08,700000,Jul-21,Queenstown,1.2960052,103.8099048
23,70,Model A,89.67,500000,Jul-21,Queenstown,1.3058533,103.7821896
17,65,Improved,51.92,330000,Jul-21,Queenstown,1.3079724,103.7957715
17,65,Improved,51.92,400000,Jul-21,Queenstown,1.3071143,103.7954772
17,65,Improved,52.58,368000,Jul-21,Queenstown,1.309007,103.7940607
29,60,Model A,86.17,568000,Jul-21,Queenstown,1.3012974,103.7989931
20,63,Model A,92.75,580000,Jun-21,Queenstown,1.301254,103.7971808
20,63,Model A,92.75,580000,Jun-21,Queenstown,1.3017618,103.7971954
26,65,Premium Apartment,94.25,630000,Jun-21,Queenstown,1.2960052,103.8099048
20,65,Premium Apartment,94.25,645000,Jun-21,Queenstown,1.2960052,103.8099048
23,65,Premium Apartment,94.25,650000,Jun-21,Queenstown,1.2960052,103.8099048
36,65,Premium Apartment,94.25,660000,Jun-21,Queenstown,1.2960052,103.8099048
38,69,Model A,89.83,540000,Jun-21,Queenstown,1.3053608,103.7819402
17,65,Improved,52,335000,Jun-21,Queenstown,1.3074653,103.794866
20,73,Improved,52,448888,Jun-21,Queenstown,1.3074653,103.794866
17,67,Improved,47.67,320000,Jun-21,Queenstown,1.2935996,103.8035009
17,70,Model A,89.25,580000,Jun-21,Queenstown,1.2942509,103.8122177
36,65,Premium Apartment,94.33,646000,May-21,Queenstown,1.2960052,103.8099048
36,65,Premium Apartment,94.33,660000,May-21,Queenstown,1.2960052,103.8099048
26,67,Model A,91,600888,May-21,Queenstown,1.3083214,103.7857208
26,67,Model A,91,613888,May-21,Queenstown,1.3083214,103.7857208
17,59,Improved,52.08,363000,May-21,Queenstown,1.306882,103.7945038
20,73,Improved,52.67,455000,May-21,Queenstown,1.309007,103.7940607
17,76,Improved,51,418000,May-21,Queenstown,1.2944348,103.7997331
17,70,Improved,48.17,338000,May-21,Queenstown,1.2904595,103.8031098
17,69,Model A,89.33,580000,May-21,Queenstown,1.2945274,103.8110342
20,63,Model A,92.83,600000,Apr-21,Queenstown,1.3015032,103.7971066
29,65,Premium Apartment,94.42,650000,Apr-21,Queenstown,1.2960052,103.8099048
17,65,Premium Apartment,94.33,650000,Apr-21,Queenstown,1.2960052,103.8099048
17,65,Premium Apartment,94.42,690000,Apr-21,Queenstown,1.2960052,103.8099048
20,73,Improved,52.25,455000,Apr-21,Queenstown,1.3074653,103.794866
26,60,Model A,86.33,490000,Apr-21,Queenstown,1.3006381,103.7990313
23,65,Premium Apartment,94.5,575000,Mar-21,Queenstown,1.2960052,103.8099048
17,65,Premium Apartment,94.42,649000,Mar-21,Queenstown,1.2960052,103.8099048
44,65,Premium Apartment,94.5,670000,Mar-21,Queenstown,1.2960052,103.8099048
26,65,Premium Apartment,94.25,635000,Mar-21,Queenstown,1.2949706,103.811632
29,65,Premium Apartment,94.17,650000,Mar-21,Queenstown,1.2949706,103.811632
17,69,Model A,90,520000,Mar-21,Queenstown,1.3053608,103.7819402
20,65,Improved,52.17,435000,Mar-21,Queenstown,1.3092152,103.7959526
23,59,Improved,52.17,345000,Mar-21,Queenstown,1.306882,103.7945038
36,65,Premium Apartment,94.58,646000,Feb-21,Queenstown,1.2960052,103.8099048
26,65,Premium Apartment,94.5,646888,Feb-21,Queenstown,1.2960052,103.8099048
41,65,Premium Apartment,94.58,690000,Feb-21,Queenstown,1.2960052,103.8099048
47,65,Premium Apartment,94.58,697000,Feb-21,Queenstown,1.2960052,103.8099048
38,65,Premium Apartment,94.17,641888,Feb-21,Queenstown,1.2949706,103.811632
23,69,Model A,89.5,580000,Feb-21,Queenstown,1.2945274,103.8110342
35,65,Premium Apartment,94.67,668000,Jan-21,Queenstown,1.2960052,103.8099048
35,65,Premium Apartment,94.25,650000,Jan-21,Queenstown,1.2949706,103.811632
35,70,Model A,90.25,538000,Jan-21,Queenstown,1.3053608,103.7819402
20,76,Improved,51.33,420000,Jan-21,Queenstown,1.2944348,103.7997331
41,65,Premium Apartment,94.67,690000,Dec-20,Queenstown,1.2960052,103.8099048
38,65,Premium Apartment,94.75,700000,Dec-20,Queenstown,1.2960052,103.8099048
23,65,Premium Apartment,94.33,568000,Dec-20,Queenstown,1.2949706,103.811632
36,65,Premium Apartment,94.33,641888,Dec-20,Queenstown,1.2949706,103.811632
36,70,Model A,90.42,530000,Dec-20,Queenstown,1.3053608,103.7819402
23,67,Model A,91.42,598000,Dec-20,Queenstown,1.3083214,103.7857208
17,65,Improved,52.5,360000,Dec-20,Queenstown,1.3071143,103.7954772
23,65,Improved,53.17,405000,Dec-20,Queenstown,1.309007,103.7940607
35,60,Model A,86.67,598000,Dec-20,Queenstown,1.3006381,103.7990313
36,65,Premium Apartment,94.83,675000,Nov-20,Queenstown,1.2960052,103.8099048
29,65,Premium Apartment,94.5,630000,Nov-20,Queenstown,1.2954574,103.8117132
35,65,Premium Apartment,94.5,657000,Nov-20,Queenstown,1.2953335,103.8125242
36,65,Premium Apartment,94.42,660000,Nov-20,Queenstown,1.2953335,103.8125242
38,65,Premium Apartment,94.5,655000,Nov-20,Queenstown,1.2950626,103.8111407
35,69,Model A,90.42,530000,Nov-20,Queenstown,1.3053608,103.7819402
17,67,Improved,47.33,338000,Oct-21,Toa Payoh,1.3379959,103.8444058
20,77,Improved,48.33,340000,Oct-21,Toa Payoh,1.3363898,103.8563633
17,74,Model A,61.75,438000,Oct-21,Toa Payoh,1.3332642,103.8661489
17,68,Improved,46.17,270000,May-21,Toa Payoh,1.3377393,103.8508373
17,74,Model A,62.5,420000,May-21,Toa Payoh,1.3343451,103.8692235
20,63,Improved,47.75,295000,Apr-21,Toa Payoh,1.3404772,103.8457645
17,74,Model A,62.5,450000,Apr-21,Toa Payoh,1.3332085,103.8683714
17,68,Model A,94.92,495000,Apr-21,Toa Payoh,1.3347419,103.8787246
17,68,Improved,49.83,328000,Mar-21,Toa Payoh,1.3363419,103.8483275
17,67,Improved,48.83,300000,Mar-21,Toa Payoh,1.3363898,103.8563633
20,78,Improved,50,310000,Feb-21,Toa Payoh,1.3363688,103.8474016
17,68,Improved,46.5,270000,Jan-21,Toa Payoh,1.3377393,103.8508373
17,67,Improved,49.08,298000,Jan-21,Toa Payoh,1.3363898,103.8563633
17,68,Improved,50.17,300000,Dec-20,Toa Payoh,1.3363302,103.8492944
23,68,Improved,50.17,344888,Dec-20,Toa Payoh,1.3363302,103.8492944
20,67,Improved,49.08,280000,Dec-20,Toa Payoh,1.3363898,103.8563633
17,67,Improved,47.33,338000,Oct-21,Toa Payoh,1.3379959,103.8444058
20,77,Improved,48.33,340000,Oct-21,Toa Payoh,1.3363898,103.8563633
17,74,Model A,61.75,438000,Oct-21,Toa Payoh,1.3332642,103.8661489
17,68,Improved,46.17,270000,May-21,Toa Payoh,1.3377393,103.8508373
17,74,Model A,62.5,420000,May-21,Toa Payoh,1.3343451,103.8692235
20,63,Improved,47.75,295000,Apr-21,Toa Payoh,1.3404772,103.8457645
17,74,Model A,62.5,450000,Apr-21,Toa Payoh,1.3332085,103.8683714
17,68,Model A,94.92,495000,Apr-21,Toa Payoh,1.3347419,103.8787246
17,68,Improved,49.83,328000,Mar-21,Toa Payoh,1.3363419,103.8483275
17,67,Improved,48.83,300000,Mar-21,Toa Payoh,1.3363898,103.8563633
20,78,Improved,50,310000,Feb-21,Toa Payoh,1.3363688,103.8474016
17,68,Improved,46.5,270000,Jan-21,Toa Payoh,1.3377393,103.8508373
17,67,Improved,49.08,298000,Jan-21,Toa Payoh,1.3363898,103.8563633
17,68,Improved,50.17,300000,Dec-20,Toa Payoh,1.3363302,103.8492944
23,68,Improved,50.17,344888,Dec-20,Toa Payoh,1.3363302,103.8492944
20,67,Improved,49.08,280000,Dec-20,Toa Payoh,1.3363898,103.8563633
36,68,Model A,95.17,685000,Oct-21,Whampoa,1.3150044,103.8605316
29,62,Model A,81.75,515000,Oct-21,Whampoa,1.3110963,103.8517432
29,67,Model A,95.17,548888,Oct-21,Whampoa,1.3283047,103.8608039
17,59,Improved,50.83,310000,Oct-21,Whampoa,1.3251101,103.8547549
17,68,Premium Apartment,95.25,647000,Oct-21,Whampoa,1.3203346,103.8598175
35,68,Model A,95.33,688000,Sep-21,Whampoa,1.3150044,103.8605316
29,62,Model A,81.83,555000,Sep-21,Whampoa,1.3110963,103.8517432
17,65,Improved,51.92,320000,Sep-21,Whampoa,1.3234434,103.8690181
29,67,Model A,95.25,540000,Sep-21,Whampoa,1.3273304,103.8604103
29,62,Model A,81.92,550000,Aug-21,Whampoa,1.312127,103.8518016
17,62,Model A,81.83,516000,Aug-21,Whampoa,1.3110963,103.8517432
23,62,Model A,81.92,520000,Aug-21,Whampoa,1.3110963,103.8517432
29,67,Model A,95.33,549888,Aug-21,Whampoa,1.3273304,103.8604103
17,68,Improved,57.25,355000,Jul-21,Whampoa,1.3034881,103.8645209
17,67,Model A,95.42,510000,Jul-21,Whampoa,1.3273304,103.8604103
17,67,Model A,95.42,515000,Jul-21,Whampoa,1.3277272,103.8608929
23,70,Premium Apartment,95.08,615000,Jul-21,Whampoa,1.3131343,103.8698693
29,70,Premium Apartment,95,610000,Jul-21,Whampoa,1.3126024,103.8700432
26,62,Model A,82.08,528000,Jun-21,Whampoa,1.312127,103.8518016
23,62,Model A,82.08,490000,Jun-21,Whampoa,1.3110963,103.8517432
26,67,Model A,95.5,520000,Jun-21,Whampoa,1.3273304,103.8604103
26,67,Model A,95.5,540000,Jun-21,Whampoa,1.3273304,103.8604103
17,70,Premium Apartment,95.17,600000,May-21,Whampoa,1.3126024,103.8700432
17,66,Improved,59.17,310000,May-21,Whampoa,1.3247979,103.8578334
20,62,Model A,82.17,548888,Apr-21,Whampoa,1.312127,103.8518016
17,65,Improved,51.25,270000,Apr-21,Whampoa,1.3252261,103.85426
17,62,Model A,82.33,497000,Mar-21,Whampoa,1.312127,103.8518016
29,62,Model A,82.25,496000,Mar-21,Whampoa,1.3110963,103.8517432
17,76,Improved,52.42,336800,Mar-21,Whampoa,1.322333,103.8700432
23,67,Model A,95.75,528000,Mar-21,Whampoa,1.3273304,103.8604103
17,65,Improved,51.92,250000,Mar-21,Whampoa,1.3244305,103.8582094
26,62,Model A,82.42,505000,Feb-21,Whampoa,1.3110963,103.8517432
23,71,Improved,50,400000,Jan-21,Whampoa,1.3187168,103.8632528
23,62,Model A,82.5,480000,Jan-21,Whampoa,1.3110963,103.8517432
17,68,Improved,57.83,330000,Dec-20,Whampoa,1.2951327,103.8551409
17,60,Improved,56.92,325000,Dec-20,Whampoa,1.3052528,103.8629195
17,62,Model A,82.67,470000,Nov-20,Whampoa,1.3110963,103.8517432
23,67,Model A,90.58,530000,Nov-20,Whampoa,1.313266,103.873481
36,68,Model A,95.17,685000,Oct-21,Whampoa,1.3150044,103.8605316
29,62,Model A,81.75,515000,Oct-21,Whampoa,1.3110963,103.8517432
29,67,Model A,95.17,548888,Oct-21,Whampoa,1.3283047,103.8608039
17,59,Improved,50.83,310000,Oct-21,Whampoa,1.3251101,103.8547549
17,68,Premium Apartment,95.25,647000,Oct-21,Whampoa,1.3203346,103.8598175
35,68,Model A,95.33,688000,Sep-21,Whampoa,1.3150044,103.8605316
29,62,Model A,81.83,555000,Sep-21,Whampoa,1.3110963,103.8517432
17,65,Improved,51.92,320000,Sep-21,Whampoa,1.3234434,103.8690181
29,67,Model A,95.25,540000,Sep-21,Whampoa,1.3273304,103.8604103
29,62,Model A,81.92,550000,Aug-21,Whampoa,1.312127,103.8518016
17,62,Model A,81.83,516000,Aug-21,Whampoa,1.3110963,103.8517432
23,62,Model A,81.92,520000,Aug-21,Whampoa,1.3110963,103.8517432
29,67,Model A,95.33,549888,Aug-21,Whampoa,1.3273304,103.8604103
17,68,Improved,57.25,355000,Jul-21,Whampoa,1.3034881,103.8645209
17,67,Model A,95.42,510000,Jul-21,Whampoa,1.3273304,103.8604103
17,67,Model A,95.42,515000,Jul-21,Whampoa,1.3277272,103.8608929
23,70,Premium Apartment,95.08,615000,Jul-21,Whampoa,1.3131343,103.8698693
29,70,Premium Apartment,95,610000,Jul-21,Whampoa,1.3126024,103.8700432
26,62,Model A,82.08,528000,Jun-21,Whampoa,1.312127,103.8518016
23,62,Model A,82.08,490000,Jun-21,Whampoa,1.3110963,103.8517432
26,67,Model A,95.5,520000,Jun-21,Whampoa,1.3273304,103.8604103
26,67,Model A,95.5,540000,Jun-21,Whampoa,1.3273304,103.8604103
17,70,Premium Apartment,95.17,600000,May-21,Whampoa,1.3126024,103.8700432
17,66,Improved,59.17,310000,May-21,Whampoa,1.3247979,103.8578334
20,62,Model A,82.17,548888,Apr-21,Whampoa,1.312127,103.8518016
17,65,Improved,51.25,270000,Apr-21,Whampoa,1.3252261,103.85426
17,62,Model A,82.33,497000,Mar-21,Whampoa,1.312127,103.8518016
29,62,Model A,82.25,496000,Mar-21,Whampoa,1.3110963,103.8517432
17,76,Improved,52.42,336800,Mar-21,Whampoa,1.322333,103.8700432
23,67,Model A,95.75,528000,Mar-21,Whampoa,1.3273304,103.8604103
17,65,Improved,51.92,250000,Mar-21,Whampoa,1.3244305,103.8582094
26,62,Model A,82.42,505000,Feb-21,Whampoa,1.3110963,103.8517432
23,71,Improved,50,400000,Jan-21,Whampoa,1.3187168,103.8632528
23,62,Model A,82.5,480000,Jan-21,Whampoa,1.3110963,103.8517432
17,68,Improved,57.83,330000,Dec-20,Whampoa,1.2951327,103.8551409
17,60,Improved,56.92,325000,Dec-20,Whampoa,1.3052528,103.8629195
17,62,Model A,82.67,470000,Nov-20,Whampoa,1.3110963,103.8517432
23,67,Model A,90.58,530000,Nov-20,Whampoa,1.313266,103.873481
23,70,Model A,94.33,450000,2017-05,Ang Mo Kio,1.3652927,103.8444284
20,70,Model A,94.33,465000,2017-05,Ang Mo Kio,1.3655146,103.8440661
26,70,Model A,94.33,470000,2017-05,Ang Mo Kio,1.3650554,103.8438103
26,70,Model A,94.33,470000,2017-05,Ang Mo Kio,1.3650554,103.8438103
20,70,Model A,94.08,465000,2017-08,Ang Mo Kio,1.365584,103.845157
20,70,Model A,94.08,465000,2017-08,Ang Mo Kio,1.3655146,103.8440661
23,70,Model A,94.08,480000,2017-08,Ang Mo Kio,1.3652927,103.8444284
26,70,Model A,93.83,510000,2017-11,Ang Mo Kio,1.3655146,103.8440661
23,70,Model A,93.75,472000,2017-12,Ang Mo Kio,1.3655146,103.8440661
20,70,Model A,93.5,468000,2018-03,Ang Mo Kio,1.3652927,103.8444284
17,70,Model A,93.5,519000,2018-03,Ang Mo Kio,1.3650554,103.8438103
17,68,New Generation,61.83,310000,2018-04,Ang Mo Kio,1.3735818,103.8581751
20,70,Model A,92.58,400000,2019-02,Ang Mo Kio,1.365584,103.845157
17,70,Model A,92.5,470000,2019-04,Ang Mo Kio,1.3655146,103.8440661
20,70,Model A,92.42,500000,2019-04,Ang Mo Kio,1.3650554,103.8438103
20,70,Model A,91.67,470000,2020-01,Ang Mo Kio,1.365584,103.845157
20,67,Model A,94.92,458888,2020-01,Ang Mo Kio,1.3776837,103.8426804
17,70,Model A,91.67,469000,2020-02,Ang Mo Kio,1.3655146,103.8440661
17,67,Model A,94.83,434000,2020-02,Ang Mo Kio,1.3776837,103.8426804
20,67,Model A,94.75,445000,2020-03,Ang Mo Kio,1.3776837,103.8426804
17,67,Model A,94.75,435000,2020-03,Ang Mo Kio,1.3776837,103.8426804
17,67,Model A,94.67,455000,2020-06,Ang Mo Kio,1.3776837,103.8426804
17,67,Model A,94.58,448000,2020-06,Ang Mo Kio,1.3776837,103.8426804
20,67,Model A,94.5,450000,2020-06,Ang Mo Kio,1.3776837,103.8426804
17,70,Model A,91.08,500000,2020-08,Ang Mo Kio,1.365584,103.845157
20,67,Model A,94.33,472500,2020-08,Ang Mo Kio,1.3776837,103.8426804
20,67,Model A,94.25,470000,2020-09,Ang Mo Kio,1.3776837,103.8426804
23,70,Model A,91,480000,2020-10,Ang Mo Kio,1.3650554,103.8438103
17,68,New Generation,61.5,330000,2017-02,Bedok,1.3348078,103.9276769
17,69,Model A,92.17,488000,2017-03,Bedok,1.325015,103.934526
17,68,New Generation,60.75,260000,2018-05,Bedok,1.3340175,103.925139
17,67,New Generation,58.5,300000,2018-07,Bedok,1.3200234,103.9429035
17,82,New Generation,61.58,360000,2018-10,Bedok,1.3296502,103.9211511
17,62,Model A,90.42,450000,2018-12,Bedok,1.3257543,103.9346514
17,68,New Generation,59.92,295000,2019-03,Bedok,1.3334447,103.9229638
17,69,Model A,90.08,505000,2019-04,Bedok,1.325015,103.934526
17,82,New Generation,57.42,365000,2019-08,Bedok,1.3200234,103.9429035
17,69,Model A,88.83,510000,2020-07,Bedok,1.325015,103.934526
17,68,New Generation,58.25,270000,2020-10,Bedok,1.3334447,103.9229638
36,62,Model A,94.75,540000,2017-05,Bukit Merah,1.282039,103.8296416
29,62,Model A,94.75,550000,2017-05,Bukit Merah,1.281516,103.830022
17,62,Model A,94.67,543000,2017-06,Bukit Merah,1.281516,103.830022
20,69,Model A,94.92,590000,2017-06,Bukit Merah,1.2894484,103.8285321
29,62,Model A,94.58,515000,2017-07,Bukit Merah,1.282039,103.8296416
23,62,Model A,94.58,540000,2017-07,Bukit Merah,1.281516,103.830022
26,69,Model A,94.83,590000,2017-07,Bukit Merah,1.2901025,103.8292566
20,60,Model A,90.42,430000,2017-08,Bukit Merah,1.2827261,103.824674
26,62,Model A,94.5,570000,2017-08,Bukit Merah,1.2822322,103.8293203
29,69,Model A,94.75,577000,2017-08,Bukit Merah,1.2894484,103.8285321
36,68,Premium Apartment,95,595000,2017-08,Bukit Merah,1.2734894,103.8072667
29,62,Model A,94.42,545000,2017-09,Bukit Merah,1.282039,103.8296416
20,69,Model A,94.67,585000,2017-09,Bukit Merah,1.2901796,103.8285321
36,69,Model A,94.67,590000,2017-09,Bukit Merah,1.2901796,103.8285321
35,69,Model A,94.67,612000,2017-09,Bukit Merah,1.2901796,103.8285321
17,60,Model A,90.17,508000,2017-10,Bukit Merah,1.2830701,103.8260692
23,60,Model A,90.25,545000,2017-10,Bukit Merah,1.2827261,103.824674
23,62,Model A,94.33,550000,2017-10,Bukit Merah,1.2822322,103.8293203
20,68,Premium Apartment,94.83,575000,2017-10,Bukit Merah,1.2734894,103.8072667
23,68,Premium Apartment,94.83,578800,2017-10,Bukit Merah,1.2734894,103.8072667
35,69,Model A,94.58,580000,2017-10,Bukit Merah,1.2901796,103.8285321
41,62,Model A,94.33,590000,2017-10,Bukit Merah,1.282039,103.8296416
29,69,Model A,94.58,598000,2017-10,Bukit Merah,1.2901025,103.8292566
29,62,Model A,94.25,553000,2017-11,Bukit Merah,1.282039,103.8296416
35,62,Model A,94.25,585000,2017-11,Bukit Merah,1.281516,103.830022
26,68,Premium Apartment,94.75,585000,2017-11,Bukit Merah,1.2734894,103.8072667
29,68,Premium Apartment,94.75,585000,2017-11,Bukit Merah,1.2734894,103.8072667
20,69,Model A,94.5,605000,2017-11,Bukit Merah,1.2901025,103.8292566
17,65,Improved,54.58,365000,2017-12,Bukit Merah,1.2836829,103.8240354
17,65,Improved,64.08,360000,2017-12,Bukit Merah,1.2835678,103.8208789
26,60,Model A,84.08,522000,2017-12,Bukit Merah,1.2746874,103.8404881
17,60,Model A,90.08,495000,2017-12,Bukit Merah,1.2830191,103.8254576
26,62,Model A,94.17,545000,2017-12,Bukit Merah,1.282039,103.8296416
26,60,Model A,83.92,520000,2018-01,Bukit Merah,1.2743997,103.8396276
29,60,Model A,90,538000,2018-01,Bukit Merah,1.2827261,103.824674
20,60,Model A,89.83,445000,2018-02,Bukit Merah,1.2830701,103.8260692
36,62,Model A,94.08,545000,2018-02,Bukit Merah,1.2822322,103.8293203
17,68,Premium Apartment,94.67,565000,2018-02,Bukit Merah,1.2734894,103.8072667
36,68,Premium Apartment,94.42,590000,2018-03,Bukit Merah,1.2734894,103.8072667
17,60,Model A,83.75,495000,2018-04,Bukit Merah,1.2743997,103.8396276
26,69,Model A,94.08,593000,2018-04,Bukit Merah,1.2901796,103.8285321
38,62,Model A,93.83,615000,2018-04,Bukit Merah,1.281516,103.830022
20,65,Improved,54.25,335000,2018-05,Bukit Merah,1.2836829,103.8240354
17,60,Model A,83.67,503800,2018-05,Bukit Merah,1.2744703,103.8400805
17,62,Model A,93.75,538000,2018-05,Bukit Merah,1.2822322,103.8293203
17,67,Premium Apartment,94.33,600000,2018-05,Bukit Merah,1.2740923,103.8074939
36,68,Premium Apartment,94.33,600000,2018-05,Bukit Merah,1.2734894,103.8072667
17,69,Model A,94,410000,2018-06,Bukit Merah,1.2901637,103.8281018
17,60,Model A,89.67,510000,2018-06,Bukit Merah,1.2830191,103.8254576
38,68,Premium Apartment,94.25,620000,2018-06,Bukit Merah,1.2734894,103.8072667
17,65,Improved,63.58,340000,2018-07,Bukit Merah,1.2835678,103.8208789
20,65,Improved,54.08,352000,2018-07,Bukit Merah,1.2836829,103.8240354
17,76,Improved,54,378000,2018-07,Bukit Merah,1.2826858,103.8233525
23,62,Model A,93.58,512000,2018-07,Bukit Merah,1.281516,103.830022
20,69,Model A,93.92,593000,2018-07,Bukit Merah,1.2894484,103.8285321
35,69,Model A,93.83,618000,2018-07,Bukit Merah,1.2892981,103.8292566
20,65,Improved,55.42,340000,2018-08,Bukit Merah,1.2901396,103.8225544
23,69,Model A,93.83,585000,2018-08,Bukit Merah,1.2892981,103.8292566
17,64,Standard,49.83,373000,2018-09,Bukit Merah,1.288844,103.8287358
17,60,Model A,89.33,498000,2018-09,Bukit Merah,1.2824471,103.825505
17,65,Improved,53.75,327000,2018-10,Bukit Merah,1.2826858,103.8233525
29,60,Model A,89.25,538000,2018-10,Bukit Merah,1.2830191,103.8254576
23,69,Model A,93.58,600000,2018-10,Bukit Merah,1.2901025,103.8292566
17,65,Improved,53.67,328000,2018-11,Bukit Merah,1.2836829,103.8240354
17,65,Improved,53.75,330000,2018-11,Bukit Merah,1.2826858,103.8233525
20,60,Model A,83.17,515000,2018-11,Bukit Merah,1.2739211,103.8402617
17,62,Model A,93.25,532000,2018-11,Bukit Merah,1.281516,103.830022
17,67,Premium Apartment,93.75,618000,2018-11,Bukit Merah,1.2740923,103.8074939
20,69,Model A,93.42,590000,2019-01,Bukit Merah,1.2901025,103.8292566
17,67,Premium Apartment,93.58,610000,2019-01,Bukit Merah,1.2740923,103.8074939
23,65,Improved,55,370000,2019-02,Bukit Merah,1.2901396,103.8225544
26,60,Model A,82.83,525000,2019-02,Bukit Merah,1.2738709,103.8394238
36,68,Premium Apartment,93.5,620000,2019-02,Bukit Merah,1.2734894,103.8072667
17,65,Improved,62.92,355000,2019-03,Bukit Merah,1.2835678,103.8208789
17,60,Model A,82.83,500000,2019-04,Bukit Merah,1.2744703,103.8400805
29,62,Model A,92.83,528000,2019-04,Bukit Merah,1.281516,103.830022
23,65,Improved,54.75,370000,2019-05,Bukit Merah,1.2901396,103.8225544
17,60,Model A,88.58,510000,2019-05,Bukit Merah,1.2830701,103.8260692
23,68,Premium Apartment,93.25,595000,2019-05,Bukit Merah,1.2734894,103.8072667
35,62,Model A,92.67,535000,2019-06,Bukit Merah,1.2822322,103.8293203
35,69,Model A,92.92,640000,2019-06,Bukit Merah,1.2892981,103.8292566
23,60,Model A,82.42,508000,2019-07,Bukit Merah,1.2758904,103.8390656
23,60,Model A,82.42,540000,2019-07,Bukit Merah,1.2738709,103.8394238
17,65,Improved,52.92,310000,2019-08,Bukit Merah,1.2848284,103.8244801
20,65,Improved,52.92,330000,2019-08,Bukit Merah,1.2826858,103.8233525
23,60,Model A,88.42,550000,2019-08,Bukit Merah,1.2824471,103.825505
35,62,Model A,92.5,598000,2019-08,Bukit Merah,1.281516,103.830022
20,65,Improved,54.42,350000,2019-09,Bukit Merah,1.2901396,103.8225544
20,60,Model A,88.33,450000,2019-09,Bukit Merah,1.2824471,103.825505
20,60,Model A,82.25,538000,2019-09,Bukit Merah,1.2753258,103.8392229
17,60,Model A,88.33,538000,2019-09,Bukit Merah,1.2827261,103.824674
23,68,Premium Apartment,92.92,540000,2019-09,Bukit Merah,1.2734894,103.8072667
26,60,Model A,82.25,545000,2019-09,Bukit Merah,1.2753258,103.8392229
26,69,Model A,92.67,600000,2019-09,Bukit Merah,1.2901796,103.8285321
23,69,Model A,92.67,600000,2019-09,Bukit Merah,1.2901796,103.8285321
20,65,Improved,52.83,330000,2019-10,Bukit Merah,1.2836829,103.8240354
23,60,Model A,88.25,530000,2019-10,Bukit Merah,1.2830191,103.8254576
17,69,Model A,92.58,575000,2019-10,Bukit Merah,1.2894484,103.8285321
38,62,Model A,92.33,575000,2019-10,Bukit Merah,1.282039,103.8296416
20,69,Model A,92.58,625000,2019-10,Bukit Merah,1.2901637,103.8281018
23,65,Improved,54.17,360000,2019-11,Bukit Merah,1.2901396,103.8225544
17,60,Model A,88.17,535000,2019-11,Bukit Merah,1.2827261,103.824674
23,62,Model A,95.08,690000,2019-12,Bukit Merah,1.2865016,103.8291887
26,60,Model A,88.08,550000,2019-12,Bukit Merah,1.2830191,103.8254576
26,62,Model A,95,685000,2020-01,Bukit Merah,1.2864219,103.8291656
23,62,Model A,95,700000,2020-01,Bukit Merah,1.2865016,103.8291887
17,60,Model A,88,526000,2020-01,Bukit Merah,1.2830701,103.8260692
29,62,Model A,92.17,588000,2020-01,Bukit Merah,1.282039,103.8296416
35,62,Model A,92.08,600000,2020-01,Bukit Merah,1.282039,103.8296416
26,69,Model A,92.17,650000,2020-03,Bukit Merah,1.2894484,103.8285321
23,60,Model A,87.92,530000,2020-03,Bukit Merah,1.2830191,103.8254576
17,60,Model A,87.83,534888,2020-03,Bukit Merah,1.2827261,103.824674
38,62,Model A,91.92,600000,2020-03,Bukit Merah,1.281516,103.830022
17,62,Model A,94.75,660000,2020-05,Bukit Merah,1.2864219,103.8291656
17,62,Model A,94.67,665000,2020-06,Bukit Merah,1.2864219,103.8291656
26,69,Model A,92.08,600000,2020-06,Bukit Merah,1.2901025,103.8292566
20,65,Improved,53.67,300000,2020-06,Bukit Merah,1.2901396,103.8225544
17,76,Improved,53.92,335000,2020-06,Bukit Merah,1.2770373,103.8218525
26,68,Premium Apartment,92.33,620000,2020-06,Bukit Merah,1.2734894,103.8072667
26,68,Premium Apartment,92.25,608000,2020-06,Bukit Merah,1.2734894,103.8072667
38,62,Model A,94.58,685000,2020-07,Bukit Merah,1.2864219,103.8291656
26,60,Model A,81.58,550000,2020-07,Bukit Merah,1.2746874,103.8404881
29,69,Model A,91.83,635000,2020-07,Bukit Merah,1.2901025,103.8292566
20,60,Model A,87.58,550000,2020-07,Bukit Merah,1.2827261,103.824674
26,60,Model A,87.5,540000,2020-07,Bukit Merah,1.2827261,103.824674
23,62,Model A,94.5,675000,2020-08,Bukit Merah,1.2864219,103.8291656
26,62,Model A,94.42,650000,2020-08,Bukit Merah,1.2864219,103.8291656
29,62,Model A,94.42,680000,2020-08,Bukit Merah,1.2864219,103.8291656
36,69,Model A,91.75,638000,2020-08,Bukit Merah,1.2901637,103.8281018
17,62,Model A,94.33,728000,2020-09,Bukit Merah,1.2864219,103.8291656
20,76,Improved,51.83,390000,2020-09,Bukit Merah,1.2836829,103.8240354
17,60,Model A,81.33,523000,2020-09,Bukit Merah,1.2739211,103.8402617
20,60,Model A,81.33,548888,2020-09,Bukit Merah,1.2746874,103.8404881
17,60,Standard,45.83,248000,2020-09,Bukit Merah,1.2864086,103.8098066
20,60,Model A,87.33,535000,2020-09,Bukit Merah,1.2830701,103.8260692
26,60,Model A,87.33,580000,2020-09,Bukit Merah,1.2830191,103.8254576
17,74,Improved,61.58,320000,2020-09,Bukit Merah,1.2795459,103.8179657
26,62,Model A,94.33,668000,2020-10,Bukit Merah,1.2865016,103.8291887
36,68,Premium Apartment,91.92,650000,2020-10,Bukit Merah,1.2734894,103.8072667
20,60,Improved,59.92,432000,2017-08,Central Area,1.298442,103.8523744
17,65,Improved,59.08,375000,2017-10,Central Area,1.3059994,103.8572918
17,65,Improved,56.67,380000,2017-10,Central Area,1.2861551,103.8422545
17,65,Improved,56.67,410000,2017-10,Central Area,1.2861551,103.8422545
17,68,Improved,68,468000,2017-10,Central Area,1.299144,103.852039
17,68,Improved,68,468000,2017-10,Central Area,1.299144,103.852039
23,70,Improved,58.25,485000,2017-11,Central Area,1.2756426,103.8424563
20,67,Improved,55.67,410000,2017-12,Central Area,1.2817753,103.8429707
17,60,Improved,61.42,470000,2018-03,Central Area,1.284274,103.8461122
17,60,Improved,64.92,420000,2018-04,Central Area,1.2823021,103.8428528
20,70,Improved,57.75,490000,2018-05,Central Area,1.2748632,103.8426344
17,68,Improved,61.25,508000,2018-05,Central Area,1.284274,103.8461122
17,58,Standard,54.67,388000,2018-06,Central Area,1.3034202,103.8509279
17,65,Improved,55.92,380000,2018-07,Central Area,1.2861551,103.8422545
20,60,Improved,64.83,445000,2018-07,Central Area,1.2823021,103.8428528
17,59,Improved,57.67,456000,2018-07,Central Area,1.276057,103.8423628
17,60,Improved,61.08,470000,2018-07,Central Area,1.284274,103.8461122
17,68,Improved,59.75,500000,2018-07,Central Area,1.3010138,103.8537971
17,70,Improved,57.5,500000,2018-08,Central Area,1.2748632,103.8426344
17,56,Standard,54.33,390000,2018-09,Central Area,1.3034202,103.8509279
20,67,Improved,54.75,393888,2018-10,Central Area,1.2817753,103.8429707
17,59,Improved,57.33,430000,2018-10,Central Area,1.2752557,103.842558
20,60,Improved,64.5,440000,2018-10,Central Area,1.2823021,103.8428528
17,60,Improved,59,488888,2018-10,Central Area,1.285205,103.845761
17,56,Standard,54.17,390000,2018-11,Central Area,1.3034202,103.8509279
20,57,Improved,54.67,400000,2018-11,Central Area,1.2817753,103.8429707
20,60,Improved,59.33,422000,2018-11,Central Area,1.3010138,103.8537971
17,70,Improved,57.17,510000,2018-12,Central Area,1.2756426,103.8424563
17,60,Improved,66.83,450000,2018-12,Central Area,1.299144,103.852039
17,60,Improved,60.58,485000,2019-01,Central Area,1.2839985,103.8459049
20,68,Improved,58.5,500000,2019-01,Central Area,1.298442,103.8523744
23,59,Improved,57,445000,2019-03,Central Area,1.2756426,103.8424563
20,59,Improved,56.67,460000,2019-06,Central Area,1.2762569,103.8429313
23,70,Improved,56.67,550000,2019-06,Central Area,1.2756426,103.8424563
17,65,Improved,54.92,380000,2019-07,Central Area,1.2861551,103.8422545
17,59,Improved,56.5,420000,2019-08,Central Area,1.2756426,103.8424563
17,59,Improved,56.5,430000,2019-08,Central Area,1.2752557,103.842558
23,59,Improved,56.5,485000,2019-08,Central Area,1.2756426,103.8424563
23,59,Improved,56.42,405000,2019-09,Central Area,1.2756426,103.8424563
17,59,Improved,56.42,430000,2019-09,Central Area,1.2752557,103.842558
20,59,Improved,56.42,450000,2019-10,Central Area,1.2748632,103.8426344
17,70,Improved,56.33,480000,2019-11,Central Area,1.2752557,103.842558
20,60,Improved,63.33,399000,2019-12,Central Area,1.2823021,103.8428528
17,59,Improved,56.17,468000,2019-12,Central Area,1.2752557,103.842558
17,65,Improved,54.5,370000,2019-12,Central Area,1.2861551,103.8422545
17,59,Improved,56,465000,2020-02,Central Area,1.276057,103.8423628
17,68,Improved,60.17,470000,2020-03,Central Area,1.284947,103.8456099
17,59,Improved,55.83,465000,2020-05,Central Area,1.276057,103.8423628
20,59,Improved,55.67,465000,2020-07,Central Area,1.2762569,103.8429313
20,60,Improved,62.5,390000,2020-09,Central Area,1.2823021,103.8428528
17,59,Improved,55.5,460000,2020-09,Central Area,1.276057,103.8423628
17,60,Improved,58.92,428000,2020-09,Central Area,1.284274,103.8461122
17,60,Improved,65.08,468000,2020-09,Central Area,1.299144,103.852039
17,59,Improved,55.33,460000,2020-10,Central Area,1.2752557,103.842558
17,60,Improved,56.75,395000,2020-10,Central Area,1.298442,103.8523744
17,73,Model A,94.83,520000,2017-11,Clementi,1.3096132,103.7706461
20,61,Model A,84,378000,2018-02,Clementi,1.3129376,103.7715967
29,74,Model A,94.58,530000,2018-02,Clementi,1.3102451,103.7688807
29,75,Model A,94.58,550000,2018-02,Clementi,1.3102017,103.7701029
29,74,Model A,94.58,565000,2018-03,Clementi,1.3091484,103.7686997
35,74,Model A,94.42,534000,2018-04,Clementi,1.3102451,103.7688807
17,61,Model A,83.75,380000,2018-05,Clementi,1.3129376,103.7715967
23,70,Model A,93.25,528888,2018-05,Clementi,1.314864,103.764058
17,73,Model A,94.17,510000,2018-07,Clementi,1.310344,103.7708272
20,75,Model A,94.25,530000,2018-07,Clementi,1.3102017,103.7701029
35,73,Model A,94.25,540000,2018-07,Clementi,1.3102451,103.7688807
23,74,Model A,93.67,523000,2019-01,Clementi,1.3091484,103.7686997
23,74,Model A,93.67,528000,2019-02,Clementi,1.3091484,103.7686997
26,73,Model A,93.58,513000,2019-03,Clementi,1.3091484,103.7686997
17,75,Model A,93.58,515000,2019-03,Clementi,1.3096132,103.7706461
23,74,Model A,93.5,525000,2019-04,Clementi,1.3091484,103.7686997
17,61,Model A,82.67,375000,2019-06,Clementi,1.3125343,103.7717325
17,70,Model A,93.33,523000,2019-06,Clementi,1.3102017,103.7701029
38,74,Model A,93,565000,2019-09,Clementi,1.3102451,103.7688807
23,74,Model A,92.58,539000,2020-02,Clementi,1.3102451,103.7688807
36,70,Model A,91.42,623888,2020-02,Clementi,1.314864,103.764058
17,60,DBSS,93.83,552000,2020-02,Clementi,1.3194852,103.7656216
20,75,Model A,92.58,508000,2020-03,Clementi,1.3102017,103.7701029
20,75,Model A,92.5,528000,2020-03,Clementi,1.3096132,103.7706461
17,70,Model A,92.5,530000,2020-03,Clementi,1.3102017,103.7701029
20,60,DBSS,93.75,537000,2020-03,Clementi,1.3199163,103.7657374
41,60,DBSS,93.75,586000,2020-03,Clementi,1.3194852,103.7656216
26,73,Model A,92.42,535000,2020-06,Clementi,1.3102451,103.7688807
35,60,DBSS,93.5,520000,2020-07,Clementi,1.3194852,103.7656216
17,61,Model A,81.67,400000,2020-07,Clementi,1.3129376,103.7715967
36,60,DBSS,93.42,550000,2020-07,Clementi,1.3199163,103.7657374
23,60,DBSS,93.42,525000,2020-07,Clementi,1.3199163,103.7657374
26,60,DBSS,93.33,538000,2020-08,Clementi,1.3190461,103.7656216
26,60,DBSS,93.17,540000,2020-10,Clementi,1.3190461,103.7656216
17,68,Model A,95.42,338000,2018-09,Hougang,1.3794187,103.8777675
17,68,Model A,95.08,340000,2019-01,Hougang,1.3794323,103.8782989
17,68,Model A,95,325000,2019-03,Hougang,1.3794323,103.8782989
20,67,Model A,94.83,392888,2019-07,Hougang,1.379264,103.9006694
17,74,Model A,64.67,318000,2019-11,Hougang,1.351509,103.8877113
17,67,Premium Apartment,95.25,378000,2019-12,Hougang,1.3767521,103.9040981
20,67,Premium Apartment,95.17,388000,2020-01,Hougang,1.3767521,103.9040981
17,68,Model A,94,320000,2020-02,Hougang,1.3794323,103.8782989
17,67,DBSS,93.75,420000,2020-02,Hougang,1.3751631,103.9003975
17,68,Premium Apartment,95.08,383888,2020-02,Hougang,1.3767521,103.9040981
17,68,Model A,93.83,350000,2020-06,Hougang,1.3794323,103.8782989
17,68,Model A,93.83,325000,2020-06,Hougang,1.3794323,103.8782989
17,67,Premium Apartment,94.75,358888,2020-07,Hougang,1.3767521,103.9040981
17,68,Model A,93.42,350888,2020-09,Hougang,1.3794187,103.8777675
17,67,DBSS,93.17,483000,2020-09,Hougang,1.3754551,103.8999413
17,65,Improved,56,403000,2018-06,Marine Parade,1.3031148,103.9117708
17,65,Improved,56.75,408000,2018-06,Marine Parade,1.3034544,103.909913
17,65,Improved,55.83,418000,2018-07,Marine Parade,1.3026295,103.9120706
17,76,Improved,55.83,505000,2018-07,Marine Parade,1.3026295,103.9120706
17,65,Improved,55.75,473000,2018-08,Marine Parade,1.3026295,103.9120706
17,76,Improved,55.67,502000,2018-09,Marine Parade,1.3026295,103.9120706
17,65,Improved,55.58,458000,2018-10,Marine Parade,1.3026295,103.9120706
17,65,Improved,55.58,408000,2018-11,Marine Parade,1.3042516,103.9111817
17,65,Improved,55.92,400000,2019-05,Marine Parade,1.3043334,103.9096411
17,65,Improved,54.08,411000,2020-06,Marine Parade,1.3026295,103.9120706
17,65,Improved,54.5,360000,2020-10,Marine Parade,1.3039673,103.9097317
20,65,Improved,54.92,352000,2018-07,Queenstown,1.3071143,103.7954772
17,73,Improved,54.92,370000,2018-07,Queenstown,1.3079724,103.7957715
17,72,Improved,51,370000,2018-07,Queenstown,1.2921971,103.8042835
20,65,Improved,54.92,380000,2018-07,Queenstown,1.3071143,103.7954772
17,72,Improved,51,380000,2018-07,Queenstown,1.2914703,103.8034685
23,65,Improved,54.92,420000,2018-07,Queenstown,1.3092152,103.7959526
20,65,Improved,55.5,428000,2018-07,Queenstown,1.3095086,103.7945718
23,67,Model A,93.17,608000,2018-07,Queenstown,1.3110337,103.7916988
36,63,Model A,95.58,628000,2018-07,Queenstown,1.296245,103.799522
35,67,Model A,93.17,645000,2018-07,Queenstown,1.3112479,103.7915347
20,65,Improved,55.42,457000,2018-08,Queenstown,1.3095086,103.7945718
35,60,Model A,89.08,528000,2018-08,Queenstown,1.3012974,103.7989931
35,67,Model A,93.08,550000,2018-08,Queenstown,1.3110337,103.7916988
23,69,Model A,92,562000,2018-08,Queenstown,1.2945274,103.8110342
29,67,Model A,93.08,660000,2018-08,Queenstown,1.3112479,103.7915347
20,72,Improved,50.83,385000,2018-09,Queenstown,1.2914703,103.8034685
20,65,Improved,55.33,408888,2018-09,Queenstown,1.3095086,103.7945718
17,65,Improved,55.33,420000,2018-09,Queenstown,1.309007,103.7940607
26,60,Model A,88.92,537000,2018-09,Queenstown,1.3006381,103.7990313
20,69,Model A,91.92,560000,2018-09,Queenstown,1.2945274,103.8110342
20,63,Model A,95.42,565000,2018-09,Queenstown,1.3017618,103.7971954
23,63,Model A,95.5,582000,2018-09,Queenstown,1.301254,103.7971808
17,65,Improved,55.25,365000,2018-10,Queenstown,1.3093758,103.7934172
20,72,Improved,50.75,369000,2018-10,Queenstown,1.2921971,103.8042835
17,65,Improved,54.58,380000,2018-10,Queenstown,1.3092152,103.7959526
23,70,Model A,92.42,470000,2018-10,Queenstown,1.3053608,103.7819402
17,67,Model A,92.92,550000,2018-10,Queenstown,1.3110337,103.7916988
20,63,Model A,95.33,578000,2018-10,Queenstown,1.301254,103.7971808
20,63,Model A,95.42,580000,2018-10,Queenstown,1.296245,103.799522
41,67,Model A,92.92,635000,2018-10,Queenstown,1.3110337,103.7916988
17,65,Improved,54.5,363000,2018-11,Queenstown,1.3074653,103.794866
23,65,Improved,55.17,385000,2018-11,Queenstown,1.3093758,103.7934172
17,73,Improved,54.5,451000,2018-11,Queenstown,1.3074653,103.794866
26,60,Model A,88.75,518000,2018-11,Queenstown,1.3012974,103.7989931
38,67,Model A,92.83,580000,2018-11,Queenstown,1.3110337,103.7916988
17,67,Model A,93.33,570000,2018-12,Queenstown,1.3083426,103.7852002
17,73,Improved,55.08,510000,2018-12,Queenstown,1.3095086,103.7945718
20,73,Improved,54.42,460000,2018-12,Queenstown,1.3071143,103.7954772
29,67,Model A,92.75,590000,2018-12,Queenstown,1.3110337,103.7916988
36,70,Model A,92.17,530000,2019-01,Queenstown,1.3058533,103.7821896
17,60,Standard,46.92,298000,2019-02,Queenstown,1.3042141,103.8004161
20,63,Model A,95,570000,2019-02,Queenstown,1.296245,103.799522
23,65,Improved,54.17,400000,2019-03,Queenstown,1.3071143,103.7954772
35,70,Model A,92,530888,2019-03,Queenstown,1.3058533,103.7821896
26,70,Model A,91.42,575000,2019-03,Queenstown,1.2942509,103.8122177
17,65,Improved,57.75,315000,2019-04,Queenstown,1.3066918,103.7835538
17,65,Improved,54.75,418000,2019-04,Queenstown,1.3095086,103.7945718
20,67,Model A,93,590000,2019-04,Queenstown,1.3083214,103.7857208
17,65,Improved,54.67,350000,2019-05,Queenstown,1.3093758,103.7934172
17,65,Improved,54.67,410000,2019-05,Queenstown,1.3093758,103.7934172
36,67,Model A,92.33,650000,2019-05,Queenstown,1.3110337,103.7916988
17,60,Improved,50.08,300000,2019-06,Queenstown,1.2909755,103.8031117
17,63,Model A,94.67,538000,2019-06,Queenstown,1.301254,103.7971808
36,63,Model A,94.75,590000,2019-06,Queenstown,1.296245,103.799522
20,65,Improved,53.83,359000,2019-07,Queenstown,1.3074653,103.794866
20,65,Improved,54.58,405000,2019-07,Queenstown,1.3095086,103.7945718
20,65,Improved,54.5,428000,2019-07,Queenstown,1.3095086,103.7945718
17,63,Model A,94.58,588000,2019-07,Queenstown,1.301254,103.7971808
23,67,Model A,92.75,600000,2019-07,Queenstown,1.3083214,103.7857208
20,73,Improved,54.42,430000,2019-08,Queenstown,1.3095086,103.7945718
17,65,Improved,53.75,359000,2019-09,Queenstown,1.3071143,103.7954772
20,65,Improved,53.67,370000,2019-09,Queenstown,1.3074653,103.794866
17,72,Improved,49.83,375000,2019-09,Queenstown,1.2921971,103.8042835
17,60,Improved,49.75,300000,2019-10,Queenstown,1.2909755,103.8031117
26,60,Model A,87.83,520000,2019-10,Queenstown,1.3012974,103.7989931
20,67,Model A,92.5,580000,2019-10,Queenstown,1.3083214,103.7857208
29,63,Model A,94.33,590000,2019-10,Queenstown,1.301254,103.7971808
17,65,Improved,54.17,400000,2019-11,Queenstown,1.3095086,103.7945718
20,65,Improved,54.17,410000,2019-11,Queenstown,1.3093758,103.7934172
26,67,Model A,91.83,515000,2019-11,Queenstown,1.3110337,103.7916988
20,63,Model A,94.33,580000,2019-11,Queenstown,1.296245,103.799522
41,63,Model A,94.33,608000,2019-11,Queenstown,1.301254,103.7971808
26,67,Model A,92.42,608000,2019-11,Queenstown,1.3083214,103.7857208
36,63,Model A,94.33,618000,2019-11,Queenstown,1.296245,103.799522
20,65,Improved,53.42,395000,2019-12,Queenstown,1.3074653,103.794866
26,67,Model A,91.75,517000,2019-12,Queenstown,1.3110337,103.7916988
29,63,Model A,94.08,608000,2020-01,Queenstown,1.296245,103.799522
17,65,Improved,54,400000,2020-01,Queenstown,1.3093758,103.7934172
29,60,Model A,87.58,548000,2020-01,Queenstown,1.3012974,103.7989931
26,67,Model A,92.17,613000,2020-02,Queenstown,1.3083426,103.7852002
17,65,Improved,53.25,400000,2020-02,Queenstown,1.3092152,103.7959526
17,65,Improved,53.92,390000,2020-02,Queenstown,1.3095086,103.7945718
20,65,Improved,53.25,365000,2020-02,Queenstown,1.3079724,103.7957715
20,67,Model A,91.58,600000,2020-02,Queenstown,1.3110337,103.7916988
20,65,Improved,53.17,425000,2020-03,Queenstown,1.3079724,103.7957715
41,60,Model A,87.42,560000,2020-03,Queenstown,1.3012974,103.7989931
17,63,Model A,93.75,572000,2020-06,Queenstown,1.301254,103.7971808
36,65,Premium Apartment,94.83,650000,2020-06,Queenstown,1.2953402,103.812228
17,65,Improved,53.83,420000,2020-06,Queenstown,1.3095086,103.7945718
20,65,Improved,53.08,360000,2020-06,Queenstown,1.3074653,103.794866
20,73,Improved,53.75,418000,2020-06,Queenstown,1.309007,103.7940607
26,63,Model A,93.75,608000,2020-07,Queenstown,1.296245,103.799522
26,65,Premium Apartment,94.75,668000,2020-07,Queenstown,1.2954574,103.8117132
17,65,Improved,52.83,405000,2020-07,Queenstown,1.3092152,103.7959526
20,69,Model A,90.17,570000,2020-07,Queenstown,1.2938554,103.8116081
26,63,Model A,93.5,580000,2020-08,Queenstown,1.301254,103.7971808
17,63,Model A,93.5,578000,2020-08,Queenstown,1.3015032,103.7971066
17,65,Premium Apartment,94.67,640000,2020-08,Queenstown,1.2954574,103.8117132
17,65,Premium Apartment,94.67,620888,2020-08,Queenstown,1.2950626,103.8111407
47,65,Premium Apartment,95,698000,2020-08,Queenstown,1.2960052,103.8099048
23,65,Premium Apartment,95,642888,2020-08,Queenstown,1.2960052,103.8099048
38,65,Premium Apartment,94.67,650000,2020-08,Queenstown,1.2953335,103.8125242
17,65,Premium Apartment,94.67,648000,2020-08,Queenstown,1.2949706,103.811632
20,65,Premium Apartment,94.58,648000,2020-09,Queenstown,1.2950626,103.8111407
35,65,Premium Apartment,94.92,692000,2020-09,Queenstown,1.2960052,103.8099048
38,65,Premium Apartment,94.58,670000,2020-09,Queenstown,1.2953335,103.8125242
38,69,Model A,90.5,515000,2020-09,Queenstown,1.3053608,103.7819402
20,65,Improved,53.42,465000,2020-09,Queenstown,1.3095086,103.7945718
17,73,Improved,53.33,470000,2020-09,Queenstown,1.3095086,103.7945718
20,65,Improved,52.67,388888,2020-09,Queenstown,1.3071143,103.7954772
26,67,Model A,91,705000,2020-09,Queenstown,1.3110337,103.7916988
17,65,Improved,53.33,419000,2020-09,Queenstown,1.309007,103.7940607
38,65,Premium Apartment,94.92,678000,2020-10,Queenstown,1.2960052,103.8099048
41,65,Premium Apartment,94.83,685000,2020-10,Queenstown,1.2960052,103.8099048
29,65,Premium Apartment,94.83,693000,2020-10,Queenstown,1.2960052,103.8099048
44,65,Premium Apartment,94.83,700000,2020-10,Queenstown,1.2960052,103.8099048
23,65,Premium Apartment,94.5,635888,2020-10,Queenstown,1.2949706,103.811632
41,65,Premium Apartment,94.83,695000,2020-10,Queenstown,1.2960052,103.8099048
29,69,Model A,90.5,495000,2020-10,Queenstown,1.3053608,103.7819402
23,65,Improved,52.67,393888,2020-10,Queenstown,1.3079724,103.7957715
17,67,Improved,49.83,270000,2019-04,Toa Payoh,1.3378453,103.8451304
17,63,Standard,63.25,290000,2019-04,Toa Payoh,1.3377525,103.8524876
17,68,Improved,51.83,295000,2019-04,Toa Payoh,1.3363688,103.8474016
17,67,Improved,50.67,245000,2019-06,Toa Payoh,1.3363898,103.8563633
17,68,Improved,51.42,288000,2019-08,Toa Payoh,1.3363419,103.8483275
20,68,Improved,51.42,276000,2019-09,Toa Payoh,1.3363419,103.8483275
20,68,Improved,51.25,280000,2019-10,Toa Payoh,1.3363688,103.8474016
17,78,Improved,51.25,285000,2019-10,Toa Payoh,1.3363302,103.8492944
17,68,Improved,50.92,265000,2020-02,Toa Payoh,1.3363302,103.8492944
17,68,Improved,50.75,268000,2020-05,Toa Payoh,1.3363419,103.8483275
20,68,Improved,47.08,230000,2020-06,Toa Payoh,1.3377393,103.8508373
17,63,Improved,48.42,280000,2020-08,Toa Payoh,1.3404772,103.8457645
17,68,Improved,46.92,250000,2020-08,Toa Payoh,1.3377393,103.8508373
17,67,Improved,49.5,252000,2020-08,Toa Payoh,1.3363898,103.8563633
17,68,Improved,48.42,275000,2020-09,Toa Payoh,1.3391649,103.8484951
17,68,Improved,48.25,269000,2020-10,Toa Payoh,1.3382729,103.8484816
17,65,Improved,55.33,310000,2018-03,Whampoa,1.322333,103.8700432
29,62,Model A,85.25,470000,2018-03,Whampoa,1.3110963,103.8517432
26,69,Model A,93.25,500000,2018-03,Whampoa,1.3207232,103.8668495
23,71,Improved,52.75,368000,2018-04,Whampoa,1.3184663,103.8630447
17,66,Improved,55.17,310000,2018-05,Whampoa,1.3231637,103.8558876
17,65,Improved,54.67,375000,2018-05,Whampoa,1.3142619,103.8708812
23,71,Improved,52.5,410000,2018-07,Whampoa,1.3187168,103.8632528
17,65,Improved,54.92,278000,2018-08,Whampoa,1.3234434,103.8690181
17,76,Improved,55,350000,2018-08,Whampoa,1.322333,103.8700432
23,62,Model A,84.83,480000,2018-08,Whampoa,1.3110963,103.8517432
17,76,Improved,54.83,350000,2018-09,Whampoa,1.322333,103.8700432
23,71,Improved,52.25,380000,2018-10,Whampoa,1.3187168,103.8632528
17,65,Improved,55.25,383000,2018-11,Whampoa,1.3155916,103.8718552
17,65,Improved,54.42,276000,2019-02,Whampoa,1.3234434,103.8690181
17,59,Improved,53.33,265000,2019-03,Whampoa,1.3251101,103.8547549
26,62,Model A,84.33,495000,2019-03,Whampoa,1.312127,103.8518016
17,65,Improved,53.92,277500,2019-04,Whampoa,1.3216954,103.8541904
17,65,Improved,54.83,345000,2019-04,Whampoa,1.3155916,103.8718552
17,65,Improved,54.17,272000,2019-05,Whampoa,1.3234434,103.8690181
23,69,Model A,92,550000,2019-05,Whampoa,1.3217478,103.8668042
20,60,Improved,62.33,380000,2019-06,Whampoa,1.3051502,103.8622436
17,66,Improved,54,277000,2019-07,Whampoa,1.3231637,103.8558876
17,71,Improved,51.5,330000,2019-07,Whampoa,1.3184663,103.8630447
20,62,Model A,83.92,483000,2019-07,Whampoa,1.3110963,103.8517432
29,62,Model A,83.92,495000,2019-07,Whampoa,1.3110963,103.8517432
17,65,Improved,53.92,288000,2019-08,Whampoa,1.3234434,103.8690181
20,69,Model A,91.67,525000,2019-09,Whampoa,1.3207232,103.8668495
17,60,Improved,62,386800,2019-11,Whampoa,1.3051502,103.8622436
20,60,Improved,61.92,378000,2019-12,Whampoa,1.3051502,103.8622436
23,67,Model A,91.42,530000,2019-12,Whampoa,1.313266,103.873481
17,69,Model A,91.33,500000,2020-01,Whampoa,1.3213337,103.8669033
17,65,Improved,52.92,310000,2020-02,Whampoa,1.3142619,103.8708812
26,62,Model A,83.25,485000,2020-03,Whampoa,1.312127,103.8518016
20,62,Model A,83,490000,2020-07,Whampoa,1.3110963,103.8517432
17,69,Model A,90.83,500000,2020-08,Whampoa,1.3213337,103.8669033
20,60,Improved,61.25,386000,2020-08,Whampoa,1.3051502,103.8622436
26,62,Model A,82.75,475000,2020-09,Whampoa,1.3110963,103.8517432
17,65,Improved,52.83,308000,2020-09,Whampoa,1.3234434,103.8690181
29,70,Premium Apartment,95.75,600000,2020-10,Whampoa,1.3126024,103.8700432
